Date,Water_level,Water_temp
01/01/2015,267,3.8
02/01/2015,265,3
03/01/2015,257,3
04/01/2015,246,2.5
05/01/2015,238,2
06/01/2015,228,2
07/01/2015,215,1.5
08/01/2015,208,1.5
09/01/2015,200,1.5
10/01/2015,190,1.5
11/01/2015,192,1.5
12/01/2015,189,1.5
13/01/2015,192,1.7
14/01/2015,196,1.7
15/01/2015,203,2
16/01/2015,213,2.2
17/01/2015,239,2.2
18/01/2015,258,2.2
19/01/2015,280,2.2
20/01/2015,296,2.5
21/01/2015,300,2.5
22/01/2015,304,2.2
23/01/2015,306,2.5
24/01/2015,308,2.5
25/01/2015,315,2.5
26/01/2015,322,3
27/01/2015,332,3
28/01/2015,344,3.3
29/01/2015,360,3.3
30/01/2015,373,3.8
31/01/2015,390,3.8
01/02/2015,394,4.4
02/02/2015,399,4.8
03/02/2015,400,4.8
04/02/2015,402,4.8
05/02/2015,402,4.8
06/02/2015,404,4.8
07/02/2015,404,4.6
08/02/2015,405,4.6
09/02/2015,404,4
10/02/2015,404,4
11/02/2015,402,3.4
12/02/2015,400,3.4
13/02/2015,398,3
14/02/2015,395,3
15/02/2015,385,3
16/02/2015,373,3.3
17/02/2015,363,3.3
18/02/2015,357,2.7
19/02/2015,347,2.7
20/02/2015,336,2.7
21/02/2015,326,2.7
22/02/2015,320,3
23/02/2015,315,3.2
24/02/2015,305,3.2
25/02/2015,294,3.2
26/02/2015,290,4.5
27/02/2015,290,4.5
28/02/2015,289,4
01/03/2015,290,4.5
02/03/2015,295,4.5
03/03/2015,301,5
04/03/2015,310,5.5
05/03/2015,320,5.8
06/03/2015,327,6
07/03/2015,337,5.8
08/03/2015,347,5.5
09/03/2015,357,5.8
10/03/2015,367,5.8
11/03/2015,380,5.8
12/03/2015,390,6
13/03/2015,400,6
14/03/2015,408,6
15/03/2015,414,6.3
16/03/2015,415,6.3
17/03/2015,418,6.3
18/03/2015,420,6.5
19/03/2015,421,6.5
20/03/2015,421,6.5
21/03/2015,419,6.5
22/03/2015,417,6.5
23/03/2015,410,6.8
24/03/2015,404,7.2
25/03/2015,398,7.2
26/03/2015,390,7.5
27/03/2015,380,8.2
28/03/2015,370,8.2
29/03/2015,366,8.2
30/03/2015,365,9
31/03/2015,364,9
01/04/2015,365,9.4
02/04/2015,366,9.4
03/04/2015,367,10
04/04/2015,367,10
05/04/2015,367,10
06/04/2015,367,10
07/04/2015,370,10
08/04/2015,381,9.5
09/04/2015,384,9
10/04/2015,388,9
11/04/2015,395,9.5
12/04/2015,398,9.5
13/04/2015,398,10
14/04/2015,398,10
15/04/2015,398,10
16/04/2015,397,11.6
17/04/2015,394,11.6
18/04/2015,390,12
19/04/2015,385,12
20/04/2015,380,12
21/04/2015,376,12.5
22/04/2015,370,12
23/04/2015,367,12
24/04/2015,364,12.2
25/04/2015,362,12.2
26/04/2015,360,12.5
27/04/2015,358,13
28/04/2015,355,13.5
29/04/2015,353,14
30/04/2015,350,14
01/05/2015,347,14.5
02/05/2015,344,15.5
03/05/2015,337,15.5
04/05/2015,330,15.5
05/05/2015,320,15.5
06/05/2015,310,16
07/05/2015,300,16.5
08/05/2015,295,16.5
09/05/2015,295,16.5
10/05/2015,298,17.5
11/05/2015,300,18.2
12/05/2015,302,18.2
13/05/2015,305,18.3
14/05/2015,308,19
15/05/2015,312,19
16/05/2015,317,19
17/05/2015,320,19.5
18/05/2015,323,19.5
19/05/2015,323,19.5
20/05/2015,320,19.5
21/05/2015,310,19.5
22/05/2015,302,20
23/05/2015,290,20
24/05/2015,280,20.5
25/05/2015,275,21
26/05/2015,272,22
27/05/2015,270,22
28/05/2015,265,21.8
29/05/2015,265,21.8
30/05/2015,270,21
31/05/2015,285,21
01/06/2015,308,21.2
02/06/2015,330,21.2
03/06/2015,346,21.5
04/06/2015,356,21.5
05/06/2015,366,21.5
06/06/2015,374,21.5
07/06/2015,380,21.5
08/06/2015,385,21.5
09/06/2015,389,21.5
10/06/2015,390,21.5
11/06/2015,388,21.5
12/06/2015,378,21.5
13/06/2015,360,21.5
14/06/2015,340,21.5
15/06/2015,313,23
16/06/2015,288,23
17/06/2015,268,23
18/06/2015,250,23.5
19/06/2015,240,23.5
20/06/2015,230,23.5
21/06/2015,221,23.5
22/06/2015,219,23.5
23/06/2015,221,23
24/06/2015,222,23
25/06/2015,222,23.5
26/06/2015,222,23.5
27/06/2015,220,23.5
28/06/2015,216,23.5
29/06/2015,214,23.5
30/06/2015,214,23.5
01/07/2015,214,23.5
02/07/2015,214,23.5
03/07/2015,214,23.5
04/07/2015,218,24
05/07/2015,218,24
06/07/2015,225,24
07/07/2015,225,24
08/07/2015,215,24
09/07/2015,210,25
10/07/2015,205,25
11/07/2015,200,25.4
12/07/2015,195,25.4
13/07/2015,190,25.5
14/07/2015,183,25.5
15/07/2015,176,25.5
16/07/2015,170,25.5
17/07/2015,166,25.5
18/07/2015,162,25.5
19/07/2015,158,25.5
20/07/2015,158,26
21/07/2015,155,26
22/07/2015,150,27
23/07/2015,148,27
24/07/2015,145,27
25/07/2015,140,27
26/07/2015,135,28
27/07/2015,130,28
28/07/2015,126,28
29/07/2015,123,28.2
30/07/2015,120,28.2
31/07/2015,116,28.2
01/08/2015,110,28.2
02/08/2015,114,27.5
03/08/2015,114,27
04/08/2015,114,27
05/08/2015,100,27
06/08/2015,70,27
07/08/2015,70,27
08/08/2015,75,27.3
09/08/2015,80,27.3
10/08/2015,75,27
11/08/2015,73,27
12/08/2015,80,27
13/08/2015,80,27
14/08/2015,77,27
15/08/2015,76,27
16/08/2015,72,27
17/08/2015,71,27.5
18/08/2015,70,27.5
19/08/2015,75,27
20/08/2015,79,26
21/08/2015,89,26
22/08/2015,84,25.8
23/08/2015,70,25
24/08/2015,67,24.5
25/08/2015,64,23
26/08/2015,64,23
27/08/2015,63,23
28/08/2015,63,23.8
29/08/2015,66,23.8
30/08/2015,69,24
31/08/2015,73,25
01/09/2015,79,25
02/09/2015,82,25
03/09/2015,85,25
04/09/2015,82,25
05/09/2015,78,26
06/09/2015,70,26
07/09/2015,65,26
08/09/2015,60,26
09/09/2015,55,25.5
10/09/2015,53,25.5
11/09/2015,50,25
12/09/2015,50,24.5
13/09/2015,57,24
14/09/2015,61,23
15/09/2015,65,23
16/09/2015,65,21
17/09/2015,70,21
18/09/2015,75,21
19/09/2015,82,21
20/09/2015,82,21
21/09/2015,85,22
22/09/2015,80,22
23/09/2015,70,22
24/09/2015,67,22
25/09/2015,63,22
26/09/2015,60,22
27/09/2015,55,22
28/09/2015,50,22
29/09/2015,50,22
30/09/2015,49,20
01/10/2015,54,20
02/10/2015,57,18.5
03/10/2015,65,19
04/10/2015,60,19
05/10/2015,66,18.5
06/10/2015,70,18
07/10/2015,67,18
08/10/2015,74,18
09/10/2015,77,18
10/10/2015,81,18
11/10/2015,86,18
12/10/2015,100,17.5
13/10/2015,121,16
14/10/2015,120,16
15/10/2015,120,16
16/10/2015,90,14.5
17/10/2015,87,14
18/10/2015,90,14
19/10/2015,97,14
20/10/2015,107,14.2
21/10/2015,120,14.2
22/10/2015,130,14.2
23/10/2015,148,14.5
24/10/2015,162,14.5
25/10/2015,175,14.5
26/10/2015,200,14.5
27/10/2015,200,14.2
28/10/2015,209,14
29/10/2015,210,13.7
30/10/2015,218,13
31/10/2015,224,13
01/11/2015,228,12.5
02/11/2015,220,12
03/11/2015,207,11.5
04/11/2015,190,11.5
05/11/2015,189,11.3
06/11/2015,180,11.5
07/11/2015,165,11
08/11/2015,157,11
09/11/2015,147,11
10/11/2015,130,10.5
11/11/2015,125,10.5
12/11/2015,117,10.8
13/11/2015,98,10.8
14/11/2015,95,10.8
15/11/2015,90,11.2
16/11/2015,89,11.2
17/11/2015,80,11
18/11/2015,80,10.5
19/11/2015,76,10.3
20/11/2015,70,10.3
21/11/2015,70,10.5
22/11/2015,69,10.5
23/11/2015,67,11
24/11/2015,67,11
25/11/2015,69,10.5
26/11/2015,71,10.5
27/11/2015,79,10
28/11/2015,92,10
29/11/2015,94,9
30/11/2015,108,9
01/12/2015,130,9
02/12/2015,159,7.7
03/12/2015,183,7.7
04/12/2015,192,7.3
05/12/2015,199,7.3
06/12/2015,195,7.3
07/12/2015,189,7.5
08/12/2015,179,7
09/12/2015,170,7
10/12/2015,164,7
11/12/2015,164,7
12/12/2015,170,7
13/12/2015,172,7.2
14/12/2015,175,7.2
15/12/2015,170,7.2
16/12/2015,168,7
17/12/2015,160,7
18/12/2015,154,6
19/12/2015,144,6
20/12/2015,134,5.5
21/12/2015,127,5.5
22/12/2015,116,5.5
23/12/2015,105,5.7
24/12/2015,99,5.7
25/12/2015,96,5.5
26/12/2015,95,6.8
27/12/2015,91,6.8
28/12/2015,83,6.8
29/12/2015,79,6
30/12/2015,78,6
31/12/2015,78,6
01/01/2016,74,4.8
02/01/2016,72,3.8
03/01/2016,68,3.8
04/01/2016,60,2.5
05/01/2016,70,2
06/01/2016,74,2
07/01/2016,76,2
08/01/2016,71,2
09/01/2016,60,1.5
10/01/2016,62,1.5
11/01/2016,68,1.5
12/01/2016,71,1.7
13/01/2016,71,1.7
14/01/2016,73,2.5
15/01/2016,78,2.5
16/01/2016,97,2.5
17/01/2016,105,2
18/01/2016,121,2
19/01/2016,146,2.5
20/01/2016,172,2
21/01/2016,198,1.5
22/01/2016,220,1.5
23/01/2016,240,1.5
24/01/2016,253,1
25/01/2016,258,1
27/01/2016,249,1
28/01/2016,239,1
29/01/2016,228,1.2
30/01/2016,217,1.2
31/01/2016,207,1.5
01/02/2016,191,1.7
02/02/2016,181,1.7
03/02/2016,181,2.5
04/02/2016,184,3
05/02/2016,184,3
06/02/2016,181,3.7
07/02/2016,183,3.7
08/02/2016,186,4
09/02/2016,193,4
10/02/2016,206,4
11/02/2016,227,4
12/02/2016,228,4.5
13/02/2016,234,5
14/02/2016,248,5
15/02/2016,250,5
16/02/2016,254,5
17/02/2016,257,5
18/02/2016,268,5.5
19/02/2016,276,5.8
20/02/2016,288,5.8
21/02/2016,294,6
22/02/2016,301,6
23/02/2016,311,6
24/02/2016,321,6.8
25/02/2016,325,6.8
26/02/2016,335,7.3
27/02/2016,340,7.3
28/02/2016,344,7.3
29/02/2016,352,7.5
01/03/2016,359,7.8
02/03/2016,360,8
03/03/2016,364,8
04/03/2016,371,8
05/03/2016,377,8
06/03/2016,380,8
07/03/2016,386,8
08/03/2016,392,8.3
09/03/2016,393,8.3
10/03/2016,398,9
11/03/2016,410,9
12/03/2016,413,9
13/03/2016,418,8.8
14/03/2016,421,8.7
15/03/2016,431,8.2
16/03/2016,439,8.2
17/03/2016,446,7.3
18/03/2016,449,7.3
19/03/2016,454,8
20/03/2016,455,8
21/03/2016,456,8
22/03/2016,456,8
23/03/2016,453,8.6
24/03/2016,450,8.6
25/03/2016,440,8.5
26/03/2016,434,8.5
27/03/2016,428,8.7
28/03/2016,425,8.7
29/03/2016,424,8.7
30/03/2016,423,9
31/03/2016,420,9
01/04/2016,416,9.2
02/04/2016,405,9.4
03/04/2016,398,9.8
04/04/2016,388,10.5
05/04/2016,377,11.3
06/04/2016,366,11.3
07/04/2016,355,12.3
08/04/2016,343,12.5
09/04/2016,331,12.5
10/04/2016,320,13.5
11/04/2016,310,13.5
12/04/2016,303,14
13/04/2016,309,14
14/04/2016,303,14.5
15/04/2016,297,14.5
16/04/2016,291,14.5
17/04/2016,289,15
18/04/2016,283,15
19/04/2016,278,15.5
20/04/2016,273,15.7
21/04/2016,271,15.9
22/04/2016,264,15.5
23/04/2016,263,15.7
24/04/2016,258,15.7
25/04/2016,253,16.3
26/04/2016,247,16.3
27/04/2016,241,15.5
28/04/2016,240,15.5
29/04/2016,241,16
30/04/2016,242,16
01/05/2016,243,16
02/05/2016,240,16.5
03/05/2016,237,16.5
04/05/2016,238,16.5
05/05/2016,241,16
06/05/2016,238,16
07/05/2016,239,15.5
08/05/2016,246,15.5
09/05/2016,257,16
10/05/2016,272,16
11/05/2016,290,16
12/05/2016,307,16
13/05/2016,318,17
14/05/2016,324,17.3
15/05/2016,325,17.3
16/05/2016,322,17.3
17/05/2016,320,17.3
18/05/2016,319,17.5
19/05/2016,314,17.5
20/05/2016,308,17.5
21/05/2016,303,17.5
22/05/2016,300,16.8
23/05/2016,304,17
24/05/2016,314,18.5
25/05/2016,325,18.5
26/05/2016,332,18.5
27/05/2016,347,18.5
28/05/2016,357,18.5
29/05/2016,363,18.5
30/05/2016,365,18.5
31/05/2016,366,18.8
01/06/2016,360,19.5
02/06/2016,352,19.8
03/06/2016,346,20.5
04/06/2016,357,20.8
05/06/2016,354,21
06/06/2016,349,22
07/06/2016,340,21.5
08/06/2016,324,21.5
09/06/2016,313,21.5
10/06/2016,303,21.5
11/06/2016,300,21.5
12/06/2016,298,21.5
13/06/2016,299,21.5
14/06/2016,302,22.5
15/06/2016,305,22.5
16/06/2016,304,23
17/06/2016,307,23
18/06/2016,311,24
19/06/2016,308,24
20/06/2016,308,24
21/06/2016,307,24.5
22/06/2016,308,24.5
23/06/2016,311,25
24/06/2016,317,25
25/06/2016,319,25.5
26/06/2016,321,25.8
27/06/2016,323,26.5
28/06/2016,324,26.5
29/06/2016,319,26
30/06/2016,316,26
01/07/2016,313,26
02/07/2016,312,25.5
03/07/2016,315,26.3
04/07/2016,318,26.3
05/07/2016,311,25.5
06/07/2016,306,25.5
07/07/2016,301,26
08/07/2016,293,26
09/07/2016,287,25.5
10/07/2016,279,25.5
11/07/2016,270,25.5
12/07/2016,263,25.5
13/07/2016,254,26
14/07/2016,243,26
15/07/2016,235,26
16/07/2016,224,26.2
17/07/2016,214,26.2
18/07/2016,207,26.5
19/07/2016,195,26.3
20/07/2016,187,26.5
21/07/2016,186,26.5
22/07/2016,193,25
23/07/2016,207,25
24/07/2016,221,25.5
25/07/2016,228,25.5
26/07/2016,235,25.5
27/07/2016,240,26
28/07/2016,246,26.3
29/07/2016,247,26.3
30/07/2016,245,27
31/07/2016,240,27
01/08/2016,234,27
02/08/2016,228,27.5
03/08/2016,217,27.5
04/08/2016,211,26.5
05/08/2016,206,26.5
06/08/2016,203,26.5
07/08/2016,196,26.5
08/08/2016,190,26.5
09/08/2016,189,26.5
10/08/2016,186,26
11/08/2016,184,26
12/08/2016,181,26
13/08/2016,180,25
14/08/2016,181,25
15/08/2016,179,25
16/08/2016,179,25
17/08/2016,181,25
18/08/2016,182,25
19/08/2016,182,25
20/08/2016,186,25
21/08/2016,190,25
22/08/2016,196,25
23/08/2016,199,25.2
24/08/2016,200,25.3
25/08/2016,201,25
26/08/2016,205,24.8
27/08/2016,192,24.7
28/08/2016,183,24.5
29/08/2016,179,24
30/08/2016,176,24
31/08/2016,174,24
01/09/2016,172,24
02/09/2016,170,24
03/09/2016,167,24
04/09/2016,165,24
05/09/2016,164,24
06/09/2016,161,24
07/09/2016,148,24.3
08/09/2016,140,24.2
09/09/2016,134,24.2
10/09/2016,127,24.5
11/09/2016,124,24.5
12/09/2016,122,24
13/09/2016,118,24
14/09/2016,115,24.3
15/09/2016,111,23.8
16/09/2016,108,23.8
17/09/2016,108,23.5
18/09/2016,110,23.5
19/09/2016,118,23.5
20/09/2016,131,23
21/09/2016,127,22.2
22/09/2016,117,22
23/09/2016,115,21.4
24/09/2016,109,21
25/09/2016,106,21
26/09/2016,99,20.5
27/09/2016,94,20.5
28/09/2016,91,19.5
29/09/2016,93,19.5
30/09/2016,95,18.5
01/10/2016,103,18.5
02/10/2016,111,18
03/10/2016,115,18
04/10/2016,116,19.2
05/10/2016,115,19
06/10/2016,108,19
07/10/2016,104,19
08/10/2016,101,19
09/10/2016,93,18
10/10/2016,82,17.8
11/10/2016,78,17
12/10/2016,99,17
13/10/2016,114,16.2
14/10/2016,109,16
15/10/2016,109,15.3
16/10/2016,118,14
17/10/2016,128,13.5
18/10/2016,129,13.5
19/10/2016,132,13.5
20/10/2016,133,12.5
21/10/2016,132,12.5
22/10/2016,134,12.5
23/10/2016,133,12.5
24/10/2016,131,12.5
25/10/2016,128,12.5
26/10/2016,132,12.5
27/10/2016,133,12.3
28/10/2016,134,12.2
29/10/2016,139,12
30/10/2016,143,12
31/10/2016,147,12
01/11/2016,150,12
02/11/2016,155,11
03/11/2016,155,11
04/11/2016,154,10.5
05/11/2016,154,10.5
06/11/2016,161,9.5
07/11/2016,166,9.5
08/11/2016,162,9.7
09/11/2016,161,9.7
10/11/2016,164,10.7
11/11/2016,162,10.7
12/11/2016,160,10.7
13/11/2016,173,10.5
14/11/2016,170,10
15/11/2016,193,10
16/11/2016,210,9.8
17/11/2016,235,8.8
18/11/2016,253,8.5
19/11/2016,270,8
20/11/2016,281,8
21/11/2016,289,8
22/11/2016,297,8.5
23/11/2016,301,8.5
24/11/2016,301,8
25/11/2016,297,8
26/11/2016,292,8
27/11/2016,290,8
28/11/2016,284,7.8
29/11/2016,278,7
30/11/2016,273,7
01/12/2016,272,6.6
02/12/2016,270,6
03/12/2016,262,6
04/12/2016,250,6
05/12/2016,243,6
06/12/2016,236,5.5
07/12/2016,222,5.2
08/12/2016,210,4.8
09/12/2016,195,4.5
10/12/2016,184,4.2
11/12/2016,174,4.2
12/12/2016,170,4.6
13/12/2016,160,4.5
14/12/2016,156,4.5
15/12/2016,150,4.2
16/12/2016,141,4
17/12/2016,137,3.5
18/12/2016,132,3.2
19/12/2016,130,3.2
20/12/2016,122,3
21/12/2016,119,3
22/12/2016,117,3
23/12/2016,115,3
24/12/2016,112,3
25/12/2016,113,2.8
26/12/2016,107,2.8
27/12/2016,105,2.5
28/12/2016,100,2.5
29/12/2016,97,2.5
30/12/2016,98,2.5
31/12/2016,110,2.4
01/01/2017,108,2
02/01/2017,100,1.8
03/01/2017,91,1.8
04/01/2017,83,1.3
05/01/2017,81,1.3
06/01/2017,73,1.3
07/01/2017,69,1
08/01/2017,69,1
09/01/2017,91,0.3
10/01/2017,105,0.2
11/01/2017,112,0.2
12/01/2017,105,0.2
13/01/2017,87,0
14/01/2017,90,0
15/01/2017,97,0.4
16/01/2017,106,0.2
17/01/2017,107,0.2
18/01/2017,113,0
19/01/2017,111,0
20/01/2017,106,0
21/01/2017,99,0
22/01/2017,95,0
23/01/2017,99,0
24/01/2017,107,0.2
25/01/2017,111,0.2
26/01/2017,116,0
27/01/2017,122,0
28/01/2017,136,0
29/01/2017,149,0
30/01/2017,153,0
31/01/2017,154,0
01/02/2017,153,0
02/02/2017,150,0
03/02/2017,147,0
04/02/2017,149,0
05/02/2017,168,0.2
06/02/2017,164,0.2
07/02/2017,150,0.2
08/02/2017,148,0.2
09/02/2017,153,0
10/02/2017,164,0
11/02/2017,186,0
12/02/2017,221,0
13/02/2017,265,0
14/02/2017,305,0
15/02/2017,328,0.2
16/02/2017,331,0.2
17/02/2017,341,0.2
18/02/2017,352,0.2
19/02/2017,347,0.4
20/02/2017,328,0.4
21/02/2017,304,0.4
22/02/2017,264,1.5
23/02/2017,248,2.5
24/02/2017,239,2.5
25/02/2017,234,3
26/02/2017,223,3
27/02/2017,219,3
28/02/2017,210,3.5
01/03/2017,206,4
02/03/2017,203,4.8
03/03/2017,209,5
04/03/2017,225,5.5
05/03/2017,250,5.5
06/03/2017,266,6
07/03/2017,278,6
08/03/2017,283,6.5
09/03/2017,286,6.7
10/03/2017,288,6.7
11/03/2017,291,6.8
12/03/2017,292,7.3
13/03/2017,300,7
14/03/2017,310,7.2
15/03/2017,322,7
16/03/2017,332,7.2
17/03/2017,338,7.2
18/03/2017,344,7.5
19/03/2017,348,7.7
20/03/2017,346,7.7
21/03/2017,344,7.7
22/03/2017,342,8
23/03/2017,338,8.5
24/03/2017,333,9
25/03/2017,321,9.2
26/03/2017,315,9.3
27/03/2017,303,9.7
28/03/2017,294,9.7
29/03/2017,288,10.5
30/03/2017,285,11
31/03/2017,280,11
01/04/2017,280,11.3
02/04/2017,278,11.3
03/04/2017,274,11.7
04/04/2017,271,11.7
05/04/2017,263,12
06/04/2017,254,12
07/04/2017,244,12.5
08/04/2017,230,12.5
09/04/2017,218,12.5
10/04/2017,209,12.5
11/04/2017,200,12.5
12/04/2017,191,12.5
13/04/2017,183,12.5
14/04/2017,177,12.8
15/04/2017,173,13
16/04/2017,173,13.8
17/04/2017,167,13.8
18/04/2017,170,14
19/04/2017,169,14
20/04/2017,171,14
21/04/2017,176,12
22/04/2017,171,11.5
23/04/2017,174,11.7
24/04/2017,178,12
25/04/2017,180,12
26/04/2017,192,12.5
27/04/2017,197,13
28/04/2017,204,13.5
29/04/2017,215,13.5
30/04/2017,221,14.5
01/05/2017,221,14.5
02/05/2017,226,14.5
03/05/2017,232,15.8
04/05/2017,238,16.2
05/05/2017,239,16.5
06/05/2017,239,17
07/05/2017,243,17
08/05/2017,252,17
09/05/2017,260,17
10/05/2017,272,16.5
11/05/2017,287,16
12/05/2017,298,16
13/05/2017,307,16
14/05/2017,312,16
15/05/2017,311,17
16/05/2017,314,17
17/05/2017,316,17
18/05/2017,312,17
19/05/2017,306,17.5
20/05/2017,300,17.7
21/05/2017,292,18
22/05/2017,286,18
23/05/2017,281,18.2
24/05/2017,279,18.5
25/05/2017,276,18.5
26/05/2017,270,18.5
27/05/2017,265,18.5
28/05/2017,264,19
29/05/2017,264,19.3
30/05/2017,260,19.7
31/05/2017,257,20.5
01/06/2017,251,21
02/06/2017,245,21
03/06/2017,238,21.7
04/06/2017,233,21.7
05/06/2017,226,22
06/06/2017,216,23
07/06/2017,209,23
08/06/2017,202,23
09/06/2017,193,23
10/06/2017,194,22.2
11/06/2017,194,22.5
12/06/2017,196,22.7
13/06/2017,196,23
14/06/2017,192,23.5
15/06/2017,189,23.5
16/06/2017,186,23.5
17/06/2017,186,24
18/06/2017,179,24
19/06/2017,176,24
20/06/2017,174,24
21/06/2017,174,24
22/06/2017,171,24.2
23/06/2017,168,24.2
24/06/2017,164,24.7
25/06/2017,155,25
26/06/2017,147,25.3
27/06/2017,139,25.3
28/06/2017,132,26.5
29/06/2017,129,26.5
30/06/2017,128,27
01/07/2017,123,28
02/07/2017,118,28
03/07/2017,113,28
04/07/2017,111,28
05/07/2017,111,28
06/07/2017,116,26.7
07/07/2017,115,26.2
08/07/2017,120,26.5
09/07/2017,122,26.5
10/07/2017,116,26.5
11/07/2017,114,26.5
12/07/2017,113,27
13/07/2017,106,27
14/07/2017,99,27
15/07/2017,99,27
16/07/2017,100,27
17/07/2017,95,26
18/07/2017,93,26
19/07/2017,89,26
20/07/2017,84,26.2
21/07/2017,83,26.3
22/07/2017,81,26.3
23/07/2017,79,26.8
24/07/2017,82,26.8
25/07/2017,81,27
26/07/2017,81,27
27/07/2017,82,27
28/07/2017,87,27
29/07/2017,87,27
30/07/2017,81,27
31/07/2017,77,26.5
01/08/2017,74,27
02/08/2017,72,27
03/08/2017,72,27
04/08/2017,72,27
05/08/2017,76,28
06/08/2017,85,28.5
07/08/2017,98,28.5
08/08/2017,105,28.5
09/08/2017,112,28
10/08/2017,113,28
11/08/2017,113,28
12/08/2017,108,28
13/08/2017,104,28
14/08/2017,99,27.5
15/08/2017,98,26
16/08/2017,100,26
17/08/2017,97,26
18/08/2017,98,25.5
19/08/2017,101,25.5
20/08/2017,106,25.5
21/08/2017,108,26
22/08/2017,101,26
23/08/2017,102,25.7
24/08/2017,102,25
25/08/2017,101,25
26/08/2017,98,25
27/08/2017,94,25
28/08/2017,90,25
29/08/2017,85,25
30/08/2017,87,24
31/08/2017,88,23.7
01/09/2017,90,23.7
02/09/2017,91,24
03/09/2017,89,24
04/09/2017,90,24
05/09/2017,79,24
06/09/2017,75,23.5
07/09/2017,73,23
08/09/2017,70,23
09/09/2017,68,23
10/09/2017,70,23
11/09/2017,68,23
12/09/2017,71,23
13/09/2017,74,23
14/09/2017,76,23
15/09/2017,88,23
16/09/2017,96,23
17/09/2017,107,23
18/09/2017,111,23
19/09/2017,109,23
20/09/2017,110,23
21/09/2017,111,23
22/09/2017,109,22.6
23/09/2017,104,22
24/09/2017,107,22
25/09/2017,110,21
26/09/2017,113,21
27/09/2017,134,19.2
28/09/2017,150,18.2
29/09/2017,160,17.5
30/09/2017,173,17
01/10/2017,175,16.5
02/10/2017,185,16
03/10/2017,190,16
04/10/2017,192,16
05/10/2017,188,16
06/10/2017,183,16
07/10/2017,177,16
08/10/2017,173,15.3
09/10/2017,170,15
10/10/2017,160,14.6
11/10/2017,150,14.5
12/10/2017,140,14.5
13/10/2017,128,14.5
14/10/2017,120,14.5
15/10/2017,110,14.5
16/10/2017,103,14.5
17/10/2017,99,15
18/10/2017,96,15
19/10/2017,101,15
20/10/2017,106,15.5
21/10/2017,106,16
22/10/2017,105,15.7
23/10/2017,102,15.7
24/10/2017,107,15.6
25/10/2017,108,15
26/10/2017,100,14
27/10/2017,95,14
28/10/2017,90,14
29/10/2017,85,13.2
30/10/2017,75,13
31/10/2017,67,13
01/11/2017,67,12.5
02/11/2017,75,12
03/11/2017,82,11.8
04/11/2017,88,11
05/11/2017,98,10.8
06/11/2017,110,10.5
07/11/2017,110,10.5
08/11/2017,123,11
09/11/2017,130,11
10/11/2017,136,11
11/11/2017,141,11
12/11/2017,144,11
13/11/2017,144,11.2
14/11/2017,140,11.5
15/11/2017,133,11
16/11/2017,132,10.8
17/11/2017,133,10.6
18/11/2017,131,10.3
19/11/2017,138,10.2
20/11/2017,146,10
21/11/2017,156,9.8
22/11/2017,166,9.5
23/11/2017,175,9.5
24/11/2017,183,9
25/11/2017,192,8.9
26/11/2017,197,8.8
27/11/2017,199,8.8
28/11/2017,197,8.6
29/11/2017,206,8
30/11/2017,201,7.8
01/12/2017,200,7.8
02/12/2017,193,7.8
03/12/2017,187,7.6
04/12/2017,190,7.2
05/12/2017,193,7.1
06/12/2017,198,7
07/12/2017,203,7
08/12/2017,209,6.5
09/12/2017,219,6
10/12/2017,229,6
11/12/2017,234,5.8
12/12/2017,230,5.8
13/12/2017,225,5.5
14/12/2017,218,5.3
15/12/2017,217,5.2
16/12/2017,215,5.2
17/12/2017,210,5.2
18/12/2017,208,5.2
19/12/2017,214,5
20/12/2017,220,4.8
21/12/2017,232,4.6
22/12/2017,246,4.3
23/12/2017,260,4.3
24/12/2017,276,3.5
25/12/2017,286,3.5
26/12/2017,291,3.5
27/12/2017,300,3.7
28/12/2017,300,3.9
29/12/2017,302,4.3
30/12/2017,300,4.7
31/12/2017,295,4.8
01/01/2018,292,4.6
02/01/2018,290,4.6
03/01/2018,391,4.5
04/01/2018,287,4.5
05/01/2018,282,4.5
06/01/2018,280,4.3
07/01/2018,280,4.3
08/01/2018,280,4.2
09/01/2018,281,4.2
10/01/2018,284,4.3
11/01/2018,288,4.3
12/01/2018,295,4.3
13/01/2018,298,4.3
14/01/2018,298,4
15/01/2018,295,3.5
16/01/2018,293,3
17/01/2018,298,3
18/01/2018,300,2.6
19/01/2018,305,2.7
20/01/2018,310,2.8
21/01/2018,310,2.9
22/01/2018,310,2.9
23/01/2018,310,3
24/01/2018,308,2.9
25/01/2018,308,2.8
26/01/2018,307,2.7
27/01/2018,306,2.5
28/01/2018,306,2.4
29/01/2018,305,2.4
30/01/2018,303,2.8
31/01/2018,300,3
01/02/2018,296,3.5
02/02/2018,294,3.5
03/02/2018,292,4
04/02/2018,290,4.3
05/02/2018,280,4.5
06/02/2018,278,4.7
07/02/2018,280,4.3
08/02/2018,286,4.3
09/02/2018,290,4.4
10/02/2018,289,4.5
11/02/2018,292,4.5
12/02/2018,300,4.1
13/02/2018,305,4.1
14/02/2018,305,4.3
15/02/2018,313,4.5
16/02/2018,312,4.5
17/02/2018,312,4.5
18/02/2018,314,4.6
19/02/2018,314,4.6
20/02/2018,314,4.5
21/02/2018,313,4.5
22/02/2018,313,4.5
23/02/2018,312,4
24/02/2018,310,4
25/02/2018,308,3.5
26/02/2018,305,3
27/02/2018,309,2.5
28/02/2018,309,2
01/03/2018,304,1
02/03/2018,300,1
03/03/2018,305,1
04/03/2018,303,1
05/03/2018,302,1
06/03/2018,300,1
07/03/2018,304,1.5
08/03/2018,304,2
09/03/2018,306,2.2
10/03/2018,310,2.5
11/03/2018,315,3
12/03/2018,324,4.3
13/03/2018,344,3.6
14/03/2018,356,4
15/03/2018,372,5
16/03/2018,386,5
17/03/2018,400,5.8
18/03/2018,407,5.5
19/03/2018,410,5.6
20/03/2018,415,5.3
21/03/2018,419,5
22/03/2018,422,4.5
23/03/2018,426,4.6
24/03/2018,432,4.3
25/03/2018,435,4.3
26/03/2018,440,4.7
27/03/2018,445,5
28/03/2018,450,5.3
29/03/2018,453,5.5
30/03/2018,457,6
31/03/2018,469,6.5
01/04/2018,479,6.7
02/04/2018,489,7
03/04/2018,496,7
04/04/2018,495,7
05/04/2018,494,7.5
06/04/2018,490,8.5
07/04/2018,485,9.5
08/04/2018,479,9.5
09/04/2018,474,10.7
10/04/2018,472,10.7
11/04/2018,470,11.5
12/04/2018,468,11.5
13/04/2018,465,12
14/04/2018,468,12.5
15/04/2018,470,13
16/04/2018,474,13
17/04/2018,470,13.5
18/04/2018,460,13.7
19/04/2018,458,14
20/04/2018,454,14
21/04/2018,450,14.5
22/04/2018,445,14.8
23/04/2018,443,15
24/04/2018,440,15.5
25/04/2018,438,16
26/04/2018,438,16
27/04/2018,435,17
28/04/2018,429,17.5
29/04/2018,426,17.7
30/04/2018,420,18
01/05/2018,418,18.2
02/05/2018,414,18.5
03/05/2018,410,18.7
04/05/2018,399,19
05/05/2018,394,19.7
06/05/2018,380,19.8
07/05/2018,375,20
08/05/2018,365,20.5
09/05/2018,359,20
10/05/2018,340,19.7
11/05/2018,330,19.9
12/05/2018,323,19.9
13/05/2018,313,20
14/05/2018,308,20
15/05/2018,304,20
16/05/2018,302,20
17/05/2018,300,20.5
18/05/2018,300,20.5
19/05/2018,289,21
20/05/2018,280,21
21/05/2018,270,21.5
22/05/2018,265,21.5
23/05/2018,261,21.5
24/05/2018,252,21.7
25/05/2018,249,22
26/05/2018,250,22
27/05/2018,252,22
28/05/2018,258,22
29/05/2018,257,22
30/05/2018,256,22
31/05/2018,255,22
01/06/2018,249,22.3
02/06/2018,246,22.5
03/06/2018,240,22.7
04/06/2018,228,23.4
05/06/2018,220,23.4
06/06/2018,213,23.7
07/06/2018,209,24
08/06/2018,208,24
09/06/2018,205,24
10/06/2018,198,25
11/06/2018,192,25
12/06/2018,191,25.5
13/06/2018,185,25.5
14/06/2018,182,26
15/06/2018,182,26
16/06/2018,177,26
17/06/2018,178,26
18/06/2018,187,25.7
19/06/2018,192,25.7
20/06/2018,196,26
21/06/2018,200,25.8
22/06/2018,206,26
23/06/2018,217,26
24/06/2018,230,26
25/06/2018,241,25.5
26/06/2018,245,25.5
27/06/2018,246,25
28/06/2018,251,25
29/06/2018,254,24
30/06/2018,256,24
01/07/2018,264,23
02/07/2018,278,22.4
03/07/2018,288,23
04/07/2018,290,23
05/07/2018,290,23.3
06/07/2018,281,23.5
07/07/2018,273,24
08/07/2018,264,24
09/07/2018,269,23.7
10/07/2018,278,24
11/07/2018,282,24
12/07/2018,280,24
13/07/2018,281,24.3
14/07/2018,286,24.5
15/07/2018,287,24.5
16/07/2018,279,25
17/07/2018,271,25
18/07/2018,263,25
19/07/2018,258,25
20/07/2018,248,25
21/07/2018,239,25.2
22/07/2018,233,25.2
23/07/2018,226,24.8
24/07/2018,225,24.8
25/07/2018,218,24.8
26/07/2018,210,24.6
27/07/2018,219,24.4
28/07/2018,227,24.2
29/07/2018,232,25
30/07/2018,233,25
31/07/2018,235,25.5
01/08/2018,242,25.5
02/08/2018,244,25.3
03/08/2018,251,25.5
04/08/2018,251,25.5
05/08/2018,243,25.5
06/08/2018,236,26
07/08/2018,224,26.3
08/08/2018,217,26.5
09/08/2018,210,26.5
10/08/2018,208,26.5
11/08/2018,195,26.6
12/08/2018,191,26.6
13/08/2018,173,26.7
14/08/2018,161,26.7
15/08/2018,149,26.7
16/08/2018,140,26.6
17/08/2018,129,26.5
18/08/2018,124,26.5
19/08/2018,123,26.5
20/08/2018,120,26.5
21/08/2018,118,26.6
22/08/2018,114,26.5
23/08/2018,108,26.5
24/08/2018,106,26.6
25/08/2018,105,26.6
26/08/2018,98,26
27/08/2018,101,26
28/08/2018,99,27
29/08/2018,96,27
30/08/2018,95,26
31/08/2018,92,26
01/09/2018,89,26
02/09/2018,87,26
03/09/2018,86,25.5
04/09/2018,86,25.5
05/09/2018,88,25.5
06/09/2018,90,25.3
07/09/2018,91,25
08/09/2018,98,24.8
09/09/2018,102,24.6
10/09/2018,104,23.6
11/09/2018,106,24
12/09/2018,109,23.5
13/09/2018,114,23.5
14/09/2018,116,23.4
15/09/2018,123,23.3
16/09/2018,124,23.3
17/09/2018,123,23
18/09/2018,124,23
19/09/2018,122,23
20/09/2018,117,23
21/09/2018,109,23
22/09/2018,97,23
23/09/2018,88,23
24/09/2018,90,22.5
25/09/2018,77,22
26/09/2018,68,21.7
27/09/2018,66,21
28/09/2018,64,20
29/09/2018,61,19.5
30/09/2018,49,19
01/10/2018,59,18.5
02/10/2018,63,18
03/10/2018,60,18
04/10/2018,54,17.4
05/10/2018,49,17
06/10/2018,53,17
07/10/2018,54,17
08/10/2018,55,16.5
09/10/2018,52,16.5
10/10/2018,50,16.7
11/10/2018,51,16.7
12/10/2018,56,16.5
13/10/2018,60,16.5
14/10/2018,65,16
15/10/2018,62,16
16/10/2018,55,16
17/10/2018,52,16
18/10/2018,52,16
19/10/2018,50,16
20/10/2018,47,16
21/10/2018,43,16.4
22/10/2018,41,16.2
23/10/2018,43,16
24/10/2018,41,15.6
25/10/2018,33,15
26/10/2018,31,14.7
27/10/2018,35,14.7
28/10/2018,40,14.1
29/10/2018,40,14
30/10/2018,39,14
31/10/2018,45,14
01/11/2018,43,14.5
02/11/2018,49,14.5
03/11/2018,47,14.5
04/11/2018,40,14.5
05/11/2018,39,14.5
06/11/2018,43,14.5
07/11/2018,54,14
08/11/2018,67,14
09/11/2018,78,13.8
10/11/2018,91,13.5
11/11/2018,106,13.5
12/11/2018,120,13
13/11/2018,128,13
14/11/2018,128,13
15/11/2018,122,12.3
17/11/2018,110,11
18/11/2018,106,11
19/11/2018,101,10.5
20/11/2018,105,9.5
21/11/2018,91,9
22/11/2018,89,8.5
23/11/2018,84,8
24/11/2018,80,7.8
25/11/2018,76,7.5
26/11/2018,73,7
27/11/2018,72,6.5
28/11/2018,65,6
29/11/2018,72,6
30/11/2018,75,6
01/12/2018,76,4.6
02/12/2018,70,4
03/12/2018,70,4
04/12/2018,75,4
05/12/2018,82,4
06/12/2018,77,3.8
07/12/2018,81,3.9
08/12/2018,89,3.8
09/12/2018,97,3.8
10/12/2018,103,3.8
11/12/2018,103,3.8
12/12/2018,99,4
13/12/2018,96,4
14/12/2018,93,4.2
15/12/2018,92,4.2
16/12/2018,107,4.2
17/12/2018,117,4.4
18/12/2018,117,4.4
19/12/2018,111,4
20/12/2018,112,3.5
21/12/2018,118,3.5
22/12/2018,122,3
23/12/2018,124,3
24/12/2018,124,3
25/12/2018,118,3
26/12/2018,102,3.3
27/12/2018,102,3.3
28/12/2018,104,3.5
29/12/2018,103,3.7
30/12/2018,99,3.8
31/12/2018,103,3.8
01/01/2019,108,3.8
02/01/2019,123,3.5
03/01/2019,137,3.5
04/01/2019,153,3.3
05/01/2019,171,3
06/01/2019,182,3
07/01/2019,181,3
08/01/2019,179,2
09/01/2019,175,1.7
10/01/2019,166,1.6
11/01/2019,162,1.4
12/01/2019,152,1.5
13/01/2019,145,1.5
14/01/2019,142,1.4
15/01/2019,135,1.6
16/01/2019,127,1.5
17/01/2019,118,1.5
18/01/2019,121,1.5
19/01/2019,122,1.6
20/01/2019,121,1.6
21/01/2019,122,1.6
22/01/2019,123,1.8
23/01/2019,133,2
24/01/2019,138,2
25/01/2019,138,2
26/01/2019,155,2.2
27/01/2019,164,2.2
28/01/2019,166,2.3
29/01/2019,166,2.3
30/01/2019,184,2
31/01/2019,185,2.5
01/02/2019,185,2.5
02/02/2019,184,2.8
03/02/2019,184,2.8
04/02/2019,187,3
05/02/2019,185,3
06/02/2019,191,3
07/02/2019,193,3.2
08/02/2019,204,3.5
09/02/2019,220,3.5
10/02/2019,241,3.5
11/02/2019,262,3.4
12/02/2019,280,3.5
13/02/2019,286,3.3
14/02/2019,292,3.5
15/02/2019,291,3.5
16/02/2019,290,3.5
17/02/2019,290,3.5
18/02/2019,277,3.5
19/02/2019,272,3.5
20/02/2019,263,4
21/02/2019,254,4.2
22/02/2019,246,4.3
23/02/2019,239,4.4
24/02/2019,234,4.4
25/02/2019,228,4.3
26/02/2019,221,4
27/02/2019,213,4
28/02/2019,207,4
01/03/2019,207,4
02/03/2019,194,4.3
03/03/2019,191,4.3
04/03/2019,191,4.3
05/03/2019,188,5.3
06/03/2019,186,5.7
07/03/2019,186,6
09/03/2019,190,7
10/03/2019,188,7.4
11/03/2019,187,7.4
12/03/2019,187,7.5
13/03/2019,187,7.7
14/03/2019,190,7.8
15/03/2019,195,7.8
16/03/2019,208,7.8
17/03/2019,221,7.8
18/03/2019,233,8.5
19/03/2019,247,8.5
20/03/2019,247,8.5
21/03/2019,245,9
22/03/2019,248,9
23/03/2019,248,9.3
24/03/2019,251,9.5
25/03/2019,260,10.4
26/03/2019,264,10
27/03/2019,262,10
28/03/2019,258,10
29/03/2019,257,10
30/03/2019,257,10
31/03/2019,259,10
01/04/2019,259,10
02/04/2019,257,10
03/04/2019,256,10
04/04/2019,248,10
05/04/2019,242,10
06/04/2019,236,10.5
07/04/2019,228,10.5
08/04/2019,222,11
09/04/2019,208,11
10/04/2019,198,11
11/04/2019,190,11.3
12/04/2019,184,11.5
13/04/2019,187,11.8
14/04/2019,190,11.8
15/04/2019,191,11.5
16/04/2019,195,11.2
17/04/2019,201,11
18/04/2019,213,11
19/04/2019,226,11
20/04/2019,234,11
21/04/2019,246,11.3
22/04/2019,253,11.5
23/04/2019,257,12
24/04/2019,257,12
25/04/2019,252,12
26/04/2019,246,12.5
27/04/2019,241,12.6
28/04/2019,234,12.6
29/04/2019,234,12.6
30/04/2019,210,14
01/05/2019,202,15
02/05/2019,190,15
03/05/2019,182,15
04/05/2019,182,15.5
05/05/2019,190,16
06/05/2019,198,16.6
07/05/2019,206,16.7
08/05/2019,216,16.4
09/05/2019,236,16
10/05/2019,252,16
11/05/2019,261,15.5
12/05/2019,270,15.5
13/05/2019,277,15.5
14/05/2019,283,16
15/05/2019,287,16
16/05/2019,292,16.3
17/05/2019,297,16.5
18/05/2019,307,16.5
19/05/2019,319,16.5
20/05/2019,333,17
21/05/2019,350,17
22/05/2019,358,17.2
23/05/2019,368,17.7
24/05/2019,373,17.9
25/05/2019,377,18
26/05/2019,380,18
27/05/2019,381,18.3
28/05/2019,384,18.5
29/05/2019,386,19
30/05/2019,383,19
31/05/2019,380,19
01/06/2019,379,19.5
02/06/2019,381,19.6
03/06/2019,387,19.6
04/06/2019,392,19.6
05/06/2019,402,19.6
06/06/2019,412,19.8
07/06/2019,415,19.8
08/06/2019,420,20
09/06/2019,426,20
10/06/2019,434,21
11/06/2019,444,21
12/06/2019,444,21
13/06/2019,460,21.3
14/06/2019,465,21.5
15/06/2019,470,21.8
16/06/2019,472,22
17/06/2019,470,22.5
18/06/2019,466,23
19/06/2019,461,23.5
20/06/2019,456,23.5
21/06/2019,450,23.7
22/06/2019,445,24
23/06/2019,439,24
24/06/2019,431,24
25/06/2019,422,24
26/06/2019,414,24.5
27/06/2019,406,25
28/06/2019,398,25
29/06/2019,389,25.4
30/06/2019,379,25.2
01/07/2019,369,25.2
02/07/2019,358,25.5
03/07/2019,343,25.8
04/07/2019,327,26
05/07/2019,313,26.3
06/07/2019,300,26.5
07/07/2019,286,26.5
08/07/2019,276,26.6
09/07/2019,262,26.6
10/07/2019,250,26.3
11/07/2019,237,26.2
12/07/2019,222,26
13/07/2019,210,25.5
14/07/2019,198,25.3
15/07/2019,184,25.3
16/07/2019,173,25
17/07/2019,168,25
18/07/2019,163,24.5
19/07/2019,157,24.8
20/07/2019,151,25
21/07/2019,146,25.5
22/07/2019,140,25.8
23/07/2019,133,26
24/07/2019,126,26
25/07/2019,122,26
26/07/2019,121,26.3
27/07/2019,123,26.5
28/07/2019,119,27
29/07/2019,112,27
30/07/2019,107,26.8
31/07/2019,101,27
01/08/2019,95,27
02/08/2019,91,26.8
03/08/2019,89,26.7
04/08/2019,89,26.7
05/08/2019,85,26.5
06/08/2019,84,26.4
07/08/2019,84,26.5
08/08/2019,89,26.4
09/08/2019,90,26.5
10/08/2019,93,26.5
11/08/2019,101,26.8
12/08/2019,108,27
13/08/2019,107,27
14/08/2019,106,27.2
15/08/2019,105,27.2
16/08/2019,100,26.5
17/08/2019,99,26.5
18/08/2019,95,26.3
19/08/2019,90,26
20/08/2019,87,26
21/08/2019,81,26
22/08/2019,80,26
23/08/2019,75,26
24/08/2019,74,25.6
25/08/2019,74,25.5
26/08/2019,77,25.5
27/08/2019,79,26
28/08/2019,78,26
29/08/2019,80,26
30/08/2019,77,26.3
31/08/2019,76,26.3
01/09/2019,75,26.2
02/09/2019,76,26
03/09/2019,74,25.8
04/09/2019,71,25.7
05/09/2019,70,25.5
06/09/2019,69,25
07/09/2019,67,24.8
08/09/2019,68,24.8
09/09/2019,70,24.5
10/09/2019,76,24.5
11/09/2019,77,24
12/09/2019,75,23.5
13/09/2019,70,23
14/09/2019,62,22.5
15/09/2019,55,22.5
16/09/2019,57,22.5
17/09/2019,55,22.3
18/09/2019,57,22.3
19/09/2019,58,21.9
20/09/2019,61,21.5
21/09/2019,66,21.5
22/09/2019,72,21
23/09/2019,75,21
24/09/2019,75,20.8
25/09/2019,75,20.5
26/09/2019,79,20.5
27/09/2019,80,20
28/09/2019,74,20
29/09/2019,67,19.8
30/09/2019,58,19.5
01/10/2019,52,19.6
02/10/2019,46,19.6
03/10/2019,48,20
04/10/2019,46,20
05/10/2019,43,19.5
06/10/2019,44,19
07/10/2019,42,18.7
08/10/2019,43,18.5
09/10/2019,44,18
10/10/2019,45,18
11/10/2019,43,17.5
12/10/2019,41,17
13/10/2019,43,17
14/10/2019,43,17
15/10/2019,44,17
16/10/2019,45,17
17/10/2019,47,17
18/10/2019,49,17
19/10/2019,51,17
20/10/2019,55,17
21/10/2019,57,17
22/10/2019,61,17
23/10/2019,63,17
24/10/2019,62,17
25/10/2019,62,17
26/10/2019,60,17
27/10/2019,57,16.8
28/10/2019,55,16.5
29/10/2019,50,16.2
30/10/2019,48,16
31/10/2019,44,16
01/11/2019,45,15.5
02/11/2019,44,15
03/11/2019,45,14
04/11/2019,44,13.9
05/11/2019,43,13.9
06/11/2019,40,13.8
07/11/2019,38,13.8
08/11/2019,38,13.7
09/11/2019,39,13.7
10/11/2019,39,13.5
11/11/2019,37,14
12/11/2019,32,14
13/11/2019,40,14.4
14/11/2019,56,14.4
15/11/2019,70,14.4
16/11/2019,76,14
17/11/2019,90,14.5
18/11/2019,105,14.3
19/11/2019,120,14
20/11/2019,129,13.8
21/11/2019,138,13.5
22/11/2019,148,13
23/11/2019,152,12
24/11/2019,158,11.8
25/11/2019,165,11.5
26/11/2019,171,11.3
27/11/2019,181,10.5
28/11/2019,190,10
29/11/2019,197,10
30/11/2019,202,9.7
01/12/2019,200,9.6
02/12/2019,199,9
03/12/2019,196,9
04/12/2019,192,9
05/12/2019,190,8.2
06/12/2019,189,7.5
07/12/2019,187,7
08/12/2019,184,7
09/12/2019,180,7
10/12/2019,178,6.8
11/12/2019,175,6.8
12/12/2019,173,6.5
13/12/2019,174,6.5
14/12/2019,172,6.8
15/12/2019,172,7
16/12/2019,167,6.8
17/12/2019,160,7
18/12/2019,157,6.9
19/12/2019,150,6.7
20/12/2019,148,6.7
21/12/2019,150,6.5
22/12/2019,150,6.7
23/12/2019,151,7
24/12/2019,150,7
25/12/2019,148,7
26/12/2019,147,7
27/12/2019,146,7
28/12/2019,146,6.5
29/12/2019,148,6
30/12/2019,155,6
31/12/2019,165,5.8
01/01/2020,180,5.5
02/01/2020,189,5
03/01/2020,199,4.8
04/01/2020,211,4.5
05/01/2020,215,4.5
06/01/2020,215,4.2
07/01/2020,213,4
08/01/2020,210,3.8
09/01/2020,205,3.7
10/01/2020,190,3.6
11/01/2020,178,3.5
12/01/2020,165,3.5
13/01/2020,156,3.5
14/01/2020,144,3.5
15/01/2020,132,3.5
16/01/2020,124,3.5
17/01/2020,118,3.5
18/01/2020,114,3.5
19/01/2020,110,3.5
20/01/2020,106,3.4
21/01/2020,100,3.4
22/01/2020,95,3.4
23/01/2020,95,3.3
24/01/2020,80,3.2
25/01/2020,80,3.1
26/01/2020,79,3
27/01/2020,77,2.9
28/01/2020,77,2.7
29/01/2020,81,3
30/01/2020,78,3
31/01/2020,75,3
01/02/2020,71,3
02/02/2020,70,3.5
03/02/2020,69,4
04/02/2020,65,4.5
05/02/2020,70,4.5
06/02/2020,67,4.5
07/02/2020,80,4.2
08/02/2020,78,4
09/02/2020,80,4
10/02/2020,85,4
11/02/2020,95,3.5
12/02/2020,105,3.5
13/02/2020,120,4
14/02/2020,135,4
15/02/2020,165,4
16/02/2020,185,4.4
17/02/2020,200,4.5
18/02/2020,210,4.8
19/02/2020,210,5
20/02/2020,209,5.2
21/02/2020,205,5.4
22/02/2020,200,5.5
23/02/2020,196,5.5
24/02/2020,194,5.6
25/02/2020,190,5.8
26/02/2020,187,6
27/02/2020,184,6.5
28/02/2020,180,6.5
29/02/2020,174,7
01/03/2020,170,7
02/03/2020,166,7
03/03/2020,163,7.5
04/03/2020,160,7.3
05/03/2020,162,7.6
06/03/2020,163,7.8
07/03/2020,168,7.8
08/03/2020,178,8
09/03/2020,190,8.3
10/03/2020,203,8.5
11/03/2020,220,8.5
12/03/2020,235,8.7
13/03/2020,250,8.5
14/03/2020,265,8.7
15/03/2020,277,8.8
16/03/2020,290,8.5
17/03/2020,293,8.5
18/03/2020,290,8.5
19/03/2020,286,8.5
20/03/2020,284,8.5
21/03/2020,283,9
22/03/2020,276,9
23/03/2020,270,9
24/03/2020,266,8.6
25/03/2020,263,8.2
26/03/2020,255,8
27/03/2020,250,8
28/03/2020,244,8.2
29/03/2020,234,8.2
30/03/2020,224,8.3
31/03/2020,207,8.5
01/04/2020,204,8.3
02/04/2020,200,8.2
03/04/2020,194,8.4
04/04/2020,192,9
05/04/2020,187,9.4
06/04/2020,186,9.5
07/04/2020,187,9.5
08/04/2020,187,9.5
09/04/2020,184,10
10/04/2020,182,10
11/04/2020,177,10
12/04/2020,174,11
13/04/2020,170,11
14/04/2020,168,11.5
15/04/2020,163,11.9
16/04/2020,160,11.9
17/04/2020,155,12
18/04/2020,150,12.3
19/04/2020,145,12.3
20/04/2020,142,12.8
21/04/2020,137,13
22/04/2020,134,13.5
23/04/2020,130,13.8
24/04/2020,125,14
25/04/2020,122,14
26/04/2020,120,14
27/04/2020,120,14.5
28/04/2020,120,15
29/04/2020,122,15
30/04/2020,122,16
01/05/2020,120,16
02/05/2020,120,17
03/05/2020,118,17.8
04/05/2020,116,17.9
05/05/2020,115,18
06/05/2020,115,18
07/05/2020,114,17.9
08/05/2020,111,17.5
09/05/2020,112,17
10/05/2020,113,17
11/05/2020,117,17.5
12/05/2020,122,18
13/05/2020,120,18
14/05/2020,125,18
15/05/2020,125,18
16/05/2020,130,18.4
17/05/2020,129,18.7
18/05/2020,130,20
19/05/2020,129,20
20/05/2020,128,20
21/05/2020,126,20
22/05/2020,125,20
23/05/2020,124,19.5
24/05/2020,126,19.5
25/05/2020,127,19.5
26/05/2020,129,19.5
27/05/2020,130,19.2
28/05/2020,131,19
29/05/2020,133,19
30/05/2020,134,19
31/05/2020,136,19
01/06/2020,138,19.2
02/06/2020,140,19.2
03/06/2020,140,18.9
04/06/2020,140,19
05/06/2020,141,19.2
06/06/2020,150,19.8
07/06/2020,158,20
08/06/2020,159,20
09/06/2020,156,21
10/06/2020,153,22
11/06/2020,150,22.5
12/06/2020,144,22.5
13/06/2020,138,23
14/06/2020,134,23
15/06/2020,133,23
16/06/2020,143,23
17/06/2020,153,22.8
18/06/2020,164,22.8
19/06/2020,174,23
20/06/2020,189,23
21/06/2020,209,23.2
22/06/2020,220,22.5
23/06/2020,236,23
24/06/2020,250,23
25/06/2020,263,23
26/06/2020,270,23
27/06/2020,276,23
28/06/2020,286,23.8
29/06/2020,298,24
30/06/2020,308,24.5
01/07/2020,320,25
02/07/2020,332,25
03/07/2020,337,25.4
04/07/2020,338,25.5
05/07/2020,334,25
06/07/2020,327,25
07/07/2020,320,25
08/07/2020,310,25
09/07/2020,305,24.5
10/07/2020,300,24.6
11/07/2020,295,25
12/07/2020,288,24.9
13/07/2020,278,24.5
14/07/2020,278,24
15/07/2020,276,23.5
16/07/2020,274,24
17/07/2020,270,24
18/07/2020,262,24.5
19/07/2020,252,24.5
20/07/2020,244,24.5
21/07/2020,234,24.5
22/07/2020,227,24.6
23/07/2020,223,25
24/07/2020,220,25
25/07/2020,215,25
26/07/2020,210,25.5
27/07/2020,210,25.5
28/07/2020,209,25
29/07/2020,208,25.5
30/07/2020,207,26
31/07/2020,208,26.5
01/08/2020,210,26.5
02/08/2020,210,26.5
03/08/2020,210,26.5
04/08/2020,209,26.5
05/08/2020,207,26
06/08/2020,204,26
07/08/2020,200,26
08/08/2020,180,26
09/08/2020,160,26
10/08/2020,147,25.5
11/08/2020,140,25.5
12/08/2020,135,25.7
13/08/2020,133,25.7
14/08/2020,140,25.7
15/08/2020,153,26
16/08/2020,166,26
17/08/2020,176,26
18/08/2020,183,26
19/08/2020,186,25.8
20/08/2020,184,25.6
21/08/2020,178,25.5
22/08/2020,171,25.4
23/08/2020,165,25.5
24/08/2020,160,26
25/08/2020,153,26
26/08/2020,143,26
27/08/2020,141,26
28/08/2020,138,26
29/08/2020,140,26
30/08/2020,140,26
31/08/2020,139,25.8
01/09/2020,137,25.7
02/09/2020,136,25.7
03/09/2020,132,25.7
04/09/2020,123,25.5
05/09/2020,120,25
06/09/2020,118,24.5
07/09/2020,114,24.1
08/09/2020,109,24.2
09/09/2020,103,24
10/09/2020,102,24.1
11/09/2020,107,24.2
12/09/2020,116,23.8
13/09/2020,130,23.7
14/09/2020,135,24
15/09/2020,137,24
16/09/2020,138,24
17/09/2020,136,24
18/09/2020,132,24
19/09/2020,128,24
20/09/2020,126,22.5
21/09/2020,123,22
22/09/2020,118,22
23/09/2020,112,22
24/09/2020,107,21.5
25/09/2020,100,21.5
26/09/2020,94,21.5
27/09/2020,99,21.5
28/09/2020,83,21.5
29/09/2020,82,21.4
30/09/2020,78,21
01/10/2020,74,21
02/10/2020,71,20.5
03/10/2020,68,19.7
04/10/2020,73,19.6
05/10/2020,78,19.5
06/10/2020,84,19.5
07/10/2020,93,20
08/10/2020,104,20
09/10/2020,116,20
10/10/2020,125,20
11/10/2020,142,19.5
12/10/2020,157,19.5
13/10/2020,168,19
14/10/2020,176,18.7
15/10/2020,174,18.5
16/10/2020,179,17.8
17/10/2020,182,17.8
18/10/2020,185,17.8
19/10/2020,186,17.2
20/10/2020,192,16.8
21/10/2020,200,16.2
22/10/2020,207,15.8
23/10/2020,212,15.4
24/10/2020,222,15.2
25/10/2020,235,15
26/10/2020,250,15
27/10/2020,261,15
28/10/2020,265,14.5
29/10/2020,266,14
30/10/2020,267,14
31/10/2020,267,14
01/11/2020,264,13
02/11/2020,258,13
03/11/2020,249,12.8
04/11/2020,239,12.5
05/11/2020,229,12
06/11/2020,219,12
07/11/2020,212,11.8
08/11/2020,210,11.5
09/11/2020,208,11.5
10/11/2020,206,11.3
11/11/2020,206,11.3
12/11/2020,204,11.3
13/11/2020,204,11
14/11/2020,204,11
15/11/2020,203,11
16/11/2020,198,10.5
17/11/2020,195,10.5
18/11/2020,195,10.5
19/11/2020,185,10.5
20/11/2020,176,10
21/11/2020,165,10
22/11/2020,156,9.5
23/11/2020,150,9.5
24/11/2020,140,9.3
25/11/2020,135,9
26/11/2020,130,8.7
27/11/2020,129,8.5
28/11/2020,129,8
29/11/2020,131,8
30/11/2020,132,8
01/12/2020,135,7
02/12/2020,135,6.5
03/12/2020,135,6.5
04/12/2020,127,6.5
05/12/2020,127,6.5
06/12/2020,123,6.5
07/12/2020,124,6.5
08/12/2020,123,6.5
09/12/2020,122,6
10/12/2020,121,5.8
11/12/2020,124,5.5
12/12/2020,125,5.5
13/12/2020,129,5.5
14/12/2020,133,5.5
15/12/2020,135,5.7
16/12/2020,143,5.7
17/12/2020,146,5.6
18/12/2020,150,5.7
19/12/2020,156,5.7
20/12/2020,162,5.7
21/12/2020,167,5.5
22/12/2020,173,5.5
23/12/2020,173,5.3
24/12/2020,171,5.2
25/12/2020,170,5.2
26/12/2020,160,5.2
27/12/2020,154,5.2
28/12/2020,155,5.2
29/12/2020,152,5.6
30/12/2020,150,6
31/12/2020,142,6.3
01/01/2021,136,6.4
02/01/2021,133,6.4
03/01/2021,140,6.3
04/01/2021,159,6.5
05/01/2021,178,6.5
06/01/2021,194,6.5
07/01/2021,214,6.5
08/01/2021,236,6
09/01/2021,262,6
10/01/2021,277,6
11/01/2021,292,5.5
12/01/2021,308,5.5
13/01/2021,321,5.2
14/01/2021,325,5.2
15/01/2021,331,4.8
16/01/2021,335,4.5
17/01/2021,336,4
18/01/2021,333,3.6
19/01/2021,330,3.4
20/01/2021,325,3.1
21/01/2021,318,2.9
22/01/2021,309,2.8
23/01/2021,295,2.9
24/01/2021,284,3.2
25/01/2021,272,3.5
26/01/2021,260,3.5
27/01/2021,250,3.5
28/01/2021,245,3.5
29/01/2021,241,3
30/01/2021,242,3
31/01/2021,249,3
01/02/2021,256,3
02/02/2021,270,3
03/02/2021,282,3
04/02/2021,295,3.5
05/02/2021,307,3.5
06/02/2021,321,3.5
07/02/2021,337,4
08/02/2021,352,4.4
09/02/2021,361,4.6
10/02/2021,366,5
11/02/2021,372,5.3
12/02/2021,373,5.5
13/02/2021,376,5.1
14/02/2021,379,4.4
15/02/2021,386,4
16/02/2021,389,3.5
17/02/2021,393,3
18/02/2021,395,3
19/02/2021,396,3
20/02/2021,401,3
21/02/2021,404,3
22/02/2021,406,3.5
23/02/2021,408,3.7
24/02/2021,408,4
25/02/2021,408,4
26/02/2021,405,4.2
27/02/2021,400,4.5
28/02/2021,391,4.7
01/03/2021,384,5.1
02/03/2021,375,5.1
03/03/2021,365,5.2
04/03/2021,356,5.4
05/03/2021,348,5.5
06/03/2021,342,5.8
07/03/2021,334,6
08/03/2021,327,6
09/03/2021,315,6
10/03/2021,307,6
11/03/2021,301,6
12/03/2021,297,6
13/03/2021,292,6
14/03/2021,284,6
15/03/2021,277,6
16/03/2021,269,6.3
17/03/2021,262,6.5
18/03/2021,254,6.5
19/03/2021,255,6.5
20/03/2021,260,6.7
21/03/2021,267,6.7
22/03/2021,272,6.8
23/03/2021,280,6.4
24/03/2021,285,6.1
25/03/2021,291,5.9
26/03/2021,294,5.9
27/03/2021,295,6.2
28/03/2021,296,6.7
29/03/2021,290,7
30/03/2021,284,7.5
31/03/2021,282,8
01/04/2021,275,8.5
02/04/2021,268,9
03/04/2021,262,9
04/04/2021,268,9.5
05/04/2021,269,9.5
06/04/2021,272,9.5
07/04/2021,275,9.5
08/04/2021,272,9.5
09/04/2021,273,9.5
10/04/2021,274,9.5
11/04/2021,275,9.5
12/04/2021,275,9.7
13/04/2021,279,10.3
14/04/2021,279,10.7
15/04/2021,279,10.7
16/04/2021,274,10.8
17/04/2021,275,11.1
18/04/2021,273,11.2
19/04/2021,268,11
20/04/2021,263,11
21/04/2021,262,11
22/04/2021,255,11.3
23/04/2021,252,11.5
24/04/2021,250,11.5
25/04/2021,250,12
26/04/2021,251,12
27/04/2021,254,12.3
28/04/2021,255,12.3
29/04/2021,253,12.3
30/04/2021,252,12.5
01/05/2021,253,12.5
02/05/2021,254,13
03/05/2021,255,14.5
04/05/2021,253,14.9
05/05/2021,252,15
06/05/2021,246,15
07/05/2021,235,15.2
08/05/2021,232,15.7
09/05/2021,224,15.9
10/05/2021,222,16
11/05/2021,222,16
12/05/2021,227,16.5
13/05/2021,238,16.5
14/05/2021,249,17
15/05/2021,245,17
16/05/2021,260,17.5
17/05/2021,265,18
18/05/2021,270,18
19/05/2021,267,18
20/05/2021,263,18
21/05/2021,267,18
22/05/2021,270,18
23/05/2021,277,18
24/05/2021,284,18.6
25/05/2021,290,18.8
26/05/2021,301,19.1
27/05/2021,309,19.6
28/05/2021,317,19.8
29/05/2021,323,19.9
30/05/2021,331,19.9
31/05/2021,337,20
01/06/2021,346,20
02/06/2021,354,18
03/06/2021,357,17.5
04/06/2021,361,17.5
05/06/2021,368,17.5
06/06/2021,371,18
07/06/2021,371,18
08/06/2021,367,19
09/06/2021,361,19
10/06/2021,353,19.5
11/06/2021,340,20
12/06/2021,328,20
13/06/2021,316,20.5
14/06/2021,301,20.8
15/06/2021,287,20.7
16/06/2021,284,20.4
17/06/2021,285,20.4
18/06/2021,280,20.5
19/06/2021,285,20.6
20/06/2021,296,20.7
21/06/2021,309,20.5
22/06/2021,310,21
23/06/2021,304,21.5
24/06/2021,299,22.5
25/06/2021,289,23
26/06/2021,282,24
27/06/2021,271,24.5
28/06/2021,262,24.7
29/06/2021,250,25
30/06/2021,238,25.5
01/07/2021,225,25.7
02/07/2021,220,25.7
03/07/2021,210,26
04/07/2021,210,26
05/07/2021,211,26.9
06/07/2021,209,26.2
07/07/2021,209,25.8
08/07/2021,206,25.8
09/07/2021,198,25.8
10/07/2021,193,26.2
11/07/2021,186,26.5
12/07/2021,181,26.5
13/07/2021,177,27
14/07/2021,172,27.5
15/07/2021,167,27.5
16/07/2021,165,28
17/07/2021,161,28
18/07/2021,158,28.5
19/07/2021,156,28.5
20/07/2021,154,28.5
21/07/2021,150,28.5
22/07/2021,141,28
23/07/2021,149,28
24/07/2021,158,27.5
25/07/2021,166,27
26/07/2021,171,26.6
27/07/2021,174,26.6
28/07/2021,180,26.7
29/07/2021,185,27
30/07/2021,191,27.3
31/07/2021,201,27.7
01/08/2021,208,28.1
02/08/2021,210,28
03/08/2021,208,28
04/08/2021,205,28
05/08/2021,199,28
06/08/2021,199,28
07/08/2021,181,28
08/08/2021,172,27.5
09/08/2021,164,27.5
10/08/2021,154,27.5
11/08/2021,146,27.5
12/08/2021,146,27.5
13/08/2021,142,27
14/08/2021,143,27
15/08/2021,150,26.7
16/08/2021,154,26.7
17/08/2021,158,26.7
18/08/2021,160,26.8
19/08/2021,160,26.3
20/08/2021,161,26
21/08/2021,161,25.9
22/08/2021,160,26.1
23/08/2021,156,26
24/08/2021,151,26
25/08/2021,144,26
26/08/2021,135,26
27/08/2021,129,25.5
28/08/2021,128,25.5
29/08/2021,127,25
30/08/2021,129,25
31/08/2021,129,25
01/09/2021,130,25
02/09/2021,124,24.5
03/09/2021,116,24
04/09/2021,119,23.5
05/09/2021,119,23
06/09/2021,121,21.9
07/09/2021,125,21.8
08/09/2021,127,21.5
09/09/2021,128,21.2
10/09/2021,133,21.2
11/09/2021,140,20.9
12/09/2021,145,20.9
13/09/2021,151,21.5
14/09/2021,156,21
15/09/2021,156,21
16/09/2021,152,21
17/09/2021,147,21.5
18/09/2021,147,21.5
19/09/2021,140,22
20/09/2021,120,22
21/09/2021,110,21.5
22/09/2021,102,21
23/09/2021,92,20.5
24/09/2021,84,20
25/09/2021,76,19.5
26/09/2021,70,19
27/09/2021,68,18.9
28/09/2021,70,18.9
29/09/2021,73,18.5
30/09/2021,78,18.1
02/10/2021,89,17.3
03/10/2021,90,17
04/10/2021,87,17
05/10/2021,87,17
06/10/2021,86,17
07/10/2021,93,16.5
08/10/2021,93,16.5
09/10/2021,86,15
10/10/2021,83,15
11/10/2021,79,14.5
12/10/2021,79,14
13/10/2021,75,14
14/10/2021,73,14
15/10/2021,71,14
16/10/2021,73,13.5
17/10/2021,78,13.5
18/10/2021,82,13
19/10/2021,87,13
20/10/2021,92,13
21/10/2021,92,13
22/10/2021,106,13
23/10/2021,106,13
24/10/2021,105,13
25/10/2021,104,13.5
26/10/2021,104,13.5
27/10/2021,106,13.5
28/10/2021,96,13
29/10/2021,87,13
30/10/2021,81,12.5
31/10/2021,80,12.5
01/11/2021,77,12.5
02/11/2021,74,12.5
03/11/2021,72,12.5
04/11/2021,68,12.5
05/11/2021,70,12.5
06/11/2021,71,12.5
07/11/2021,66,12.5
08/11/2021,66,12.7
09/11/2021,61,12.7
10/11/2021,57,12.2
11/11/2021,57,12.2
12/11/2021,66,11.5
13/11/2021,73,11.3
14/11/2021,90,11.1
15/11/2021,115,11
16/11/2021,135,11
17/11/2021,147,10.5
18/11/2021,150,10
19/11/2021,146,9.5
20/11/2021,140,9.5
21/11/2021,140,9.5
22/11/2021,126,9.5
23/11/2021,116,9.5
24/11/2021,108,9.2
25/11/2021,103,9
26/11/2021,100,8.8
27/11/2021,104,8.8
28/11/2021,99,8.5
29/11/2021,99,8.5
30/11/2021,96,8.5
01/12/2021,90,8.1
02/12/2021,80,7.8
03/12/2021,78,7.5
04/12/2021,73,7.4
05/12/2021,80,7.1
06/12/2021,86,7
07/12/2021,100,7
08/12/2021,100,7
09/12/2021,120,7
10/12/2021,139,7
11/12/2021,168,7
12/12/2021,185,7
13/12/2021,208,7
14/12/2021,225,6.8
15/12/2021,236,6.7
16/12/2021,246,6.5
17/12/2021,256,6
18/12/2021,255,6
19/12/2021,253,5.5
20/12/2021,244,5.1
21/12/2021,231,4.9
22/12/2021,220,4.3
23/12/2021,212,3.9
24/12/2021,209,3.5
25/12/2021,203,3.4
26/12/2021,196,3.3
27/12/2021,195,3
28/12/2021,199,3
29/12/2021,199,3
30/12/2021,176,3
31/12/2021,170,3
01/01/2022,170,3
02/01/2022,167,3.5
03/01/2022,182,3.5
04/01/2022,199,4
05/01/2022,214,4
06/01/2022,226,4
07/01/2022,238,4.5
08/01/2022,252,4.5
09/01/2022,268,4.5
10/01/2022,273,4.7
11/01/2022,270,4.5
12/01/2022,273,3.7
13/01/2022,276,3.1
14/01/2022,280,2.8
15/01/2022,276,2.7
16/01/2022,272,2.7
17/01/2022,271,3
18/01/2022,263,3
19/01/2022,251,3
20/01/2022,251,3
21/01/2022,246,3
22/01/2022,237,3
23/01/2022,229,2.5
24/01/2022,222,2.5
25/01/2022,212,2.3
26/01/2022,203,2
27/01/2022,190,1.5
28/01/2022,179,1.5
29/01/2022,166,1.6
30/01/2022,156,1.7
31/01/2022,149,1.7
01/02/2022,145,1.8
02/02/2022,141,1.9
03/02/2022,137,2.1
04/02/2022,129,2.3
05/02/2022,130,2.5
06/02/2022,129,2.5
07/02/2022,128,3
08/02/2022,123,3
09/02/2022,122,3
10/02/2022,126,3.5
11/02/2022,128,3.5
12/02/2022,125,3.5
13/02/2022,121,3.5
14/02/2022,125,3.5
15/02/2022,132,3.7
16/02/2022,141,3.7
17/02/2022,147,4
18/02/2022,149,4
19/02/2022,151,4
20/02/2022,157,4.2
21/02/2022,161,4.8
22/02/2022,166,5
23/02/2022,164,5.4
24/02/2022,162,5.6
25/02/2022,165,5.7
26/02/2022,172,5.8
27/02/2022,181,5.7
28/02/2022,196,6
01/03/2022,215,5.5
02/03/2022,222,5
03/03/2022,223,5
04/03/2022,222,5
05/03/2022,221,5
06/03/2022,217,5
07/03/2022,215,5
08/03/2022,208,5
09/03/2022,203,5
10/03/2022,200,5
11/03/2022,194,4.8
12/03/2022,185,4.2
13/03/2022,178,4
14/03/2022,170,3.9
15/03/2022,160,4.3
16/03/2022,152,4.8
17/03/2022,151,4.7
18/03/2022,143,5
19/03/2022,139,5.1
20/03/2022,135,5.1
21/03/2022,133,5
22/03/2022,128,5.5
23/03/2022,125,6
24/03/2022,122,6
25/03/2022,117,7
26/03/2022,114,7
27/03/2022,115,7.5
28/03/2022,112,7.5
29/03/2022,115,7.5
30/03/2022,116,7.7
31/03/2022,116,8
01/04/2022,118,9
02/04/2022,120,9.5
03/04/2022,115,9.5
04/04/2022,111,11.7
05/04/2022,111,11.7
06/04/2022,114,11.5
07/04/2022,123,11.5
08/04/2022,137,11.5
09/04/2022,150,11.7
10/04/2022,163,12.1
11/04/2022,171,11.5
12/04/2022,180,11
13/04/2022,189,11
14/04/2022,197,11
15/04/2022,206,12
16/04/2022,217,12.5
17/04/2022,221,12.5
18/04/2022,230,12.5
19/04/2022,235,12
20/04/2022,235,12
21/04/2022,235,12
22/04/2022,235,12
23/04/2022,239,12
24/04/2022,239,12.3
25/04/2022,236,12.7
26/04/2022,233,13.5
27/04/2022,226,14.3
28/04/2022,220,15
29/04/2022,212,15.1
30/04/2022,208,15.1
01/05/2022,207,15.2
02/05/2022,206,15.5
03/05/2022,207,15.5
04/05/2022,208,15.5
05/05/2022,206,15.5
06/05/2022,204,16
07/05/2022,206,16
08/05/2022,213,16
09/05/2022,218,16.5
10/05/2022,218,16.5
11/05/2022,218,16.5
12/05/2022,213,17
13/05/2022,206,17
14/05/2022,200,17
15/05/2022,193,17.5
16/05/2022,188,19.7
17/05/2022,185,20
18/05/2022,181,20
19/05/2022,175,20
20/05/2022,173,19.7
21/05/2022,173,19.7
22/05/2022,170,20
23/05/2022,170,20
24/05/2022,168,20
25/05/2022,168,20
26/05/2022,170,20.5
27/05/2022,167,21
28/05/2022,169,21.5
29/05/2022,167,22
30/05/2022,168,22
31/05/2022,167,22
01/06/2022,163,22.5
02/06/2022,162,23
03/06/2022,160,23
04/06/2022,158,23
05/06/2022,159,23.2
06/06/2022,158,24.6
07/06/2022,158,24.5
08/06/2022,158,24.4
09/06/2022,158,24.4
10/06/2022,155,24.2
11/06/2022,150,24
12/06/2022,146,24
13/06/2022,140,24
14/06/2022,141,24
15/06/2022,141,24
16/06/2022,143,24
17/06/2022,148,24
18/06/2022,150,24
19/06/2022,156,24
20/06/2022,167,24
21/06/2022,174,24.5
22/06/2022,174,24.5
23/06/2022,170,25
24/06/2022,164,24.7
25/06/2022,159,24.7
26/06/2022,153,24.8
27/06/2022,142,25.2
28/06/2022,133,25.5
29/06/2022,124,25.7
30/06/2022,120,25.7
01/07/2022,114,26
02/07/2022,108,26.6
03/07/2022,103,27
04/07/2022,98,27.5
05/07/2022,92,27.5
06/07/2022,89,27.5
07/07/2022,86,27.5
08/07/2022,86,27
09/07/2022,90,27
10/07/2022,91,26.5
11/07/2022,90,27
12/07/2022,88,26
13/07/2022,92,26
14/07/2022,92,26
15/07/2022,90,26
16/07/2022,87,26.2
17/07/2022,85,26.5
18/07/2022,78,26.5
19/07/2022,79,26.5
20/07/2022,80,26.5
21/07/2022,80,26.5
22/07/2022,78,26.5
23/07/2022,75,26.5
24/07/2022,76,26.5
25/07/2022,74,26.5
26/07/2022,71,26.5
27/07/2022,71,27
28/07/2022,68,27
29/07/2022,60,27.5
30/07/2022,57,27.5
31/07/2022,57,28
01/08/2022,52,28
02/08/2022,45,28
03/08/2022,42,28
04/08/2022,38,28
05/08/2022,37,28
06/08/2022,36,28
07/08/2022,34,28
08/08/2022,31,28
09/08/2022,33,28
10/08/2022,33,28
11/08/2022,35,28
12/08/2022,38,28
13/08/2022,36,27
14/08/2022,37,27
15/08/2022,37,25.5
16/08/2022,37,25.5
17/08/2022,37,26
18/08/2022,36,26
19/08/2022,34,26
20/08/2022,34,26
21/08/2022,34,26.5
22/08/2022,34,26.5
23/08/2022,34,26.5
24/08/2022,33,26.5
25/08/2022,36,26.5
26/08/2022,41,26.3
27/08/2022,40,26.3
28/08/2022,39,26.1
29/08/2022,39,26.2
30/08/2022,39,26.5
31/08/2022,39,26.5
01/09/2022,40,26.5
02/09/2022,44,26
03/09/2022,52,25.8
04/09/2022,58,25.5
05/09/2022,57,24.5
06/09/2022,57,24
07/09/2022,57,23.5
08/09/2022,58,23.5
09/09/2022,57,23
10/09/2022,59,23
11/09/2022,66,23
12/09/2022,66,23
13/09/2022,62,23
14/09/2022,59,23
15/09/2022,57,23
16/09/2022,54,23
17/09/2022,50,23
18/09/2022,50,23
19/09/2022,42,22.1
20/09/2022,40,21.7
21/09/2022,37,21
22/09/2022,35,20
23/09/2022,36,20
24/09/2022,39,19
25/09/2022,41,19
26/09/2022,49,18.5
27/09/2022,64,18.5
28/09/2022,75,18.5
29/09/2022,87,18.5
30/09/2022,102,19
01/10/2022,114,19
02/10/2022,128,19.5
03/10/2022,135,19.5
04/10/2022,138,19.5
05/10/2022,138,19.4
06/10/2022,136,18.8
07/10/2022,129,18.5
08/10/2022,125,18
09/10/2022,129,17.8
10/10/2022,131,17.4
11/10/2022,139,17.1
12/10/2022,148,17.1
13/10/2022,158,17.1
14/10/2022,168,17.1
15/10/2022,176,16.6
16/10/2022,179,16.3
17/10/2022,179,16
18/10/2022,171,16
19/10/2022,167,15.5
20/10/2022,154,15.5
21/10/2022,136,15
22/10/2022,130,15
23/10/2022,119,15
24/10/2022,108,14.8
25/10/2022,100,14.7
26/10/2022,93,14.9
27/10/2022,86,15
28/10/2022,82,15
29/10/2022,79,15
30/10/2022,74,15
31/10/2022,67,15.3
01/11/2022,61,15.1
02/11/2022,61,15.1
03/11/2022,56,15.3
04/11/2022,54,15.1
05/11/2022,59,15
06/11/2022,68,15
07/11/2022,72,15
08/11/2022,72,14.5
09/11/2022,69,14.5
10/11/2022,69,14
11/11/2022,66,14
12/11/2022,65,14
13/11/2022,65,14
14/11/2022,60,13.2
15/11/2022,57,13
16/11/2022,59,13
17/11/2022,59,13
18/11/2022,59,12.7
19/11/2022,65,12.5
20/11/2022,69,12.5
21/11/2022,74,11.9
22/11/2022,73,11.6
23/11/2022,71,11.7
24/11/2022,76,11.8
25/11/2022,71,11.7
26/11/2022,67,11.2
27/11/2022,76,10.8
28/11/2022,98,10
29/11/2022,124,10
30/11/2022,154,9
01/12/2022,174,8.5
02/12/2022,194,8
03/12/2022,209,8
04/12/2022,219,7.5
05/12/2022,225,7.5
06/12/2022,222,7.3
07/12/2022,214,7.3
08/12/2022,201,7
09/12/2022,191,7
10/12/2022,184,7
11/12/2022,175,7
12/12/2022,166,7.7
13/12/2022,156,7.6
14/12/2022,148,7.4
15/12/2022,152,6.9
16/12/2022,159,6.8
17/12/2022,169,6.6
18/12/2022,175,6.3
19/12/2022,183,6
20/12/2022,197,5
21/12/2022,214,5
22/12/2022,234,5
23/12/2022,252,4.5
24/12/2022,266,4.5
25/12/2022,274,4.5
26/12/2022,276,4.5
27/12/2022,280,4.5
28/12/2022,278,4.5
29/12/2022,277,4.5
30/12/2022,274,5
31/12/2022,270,5
01/01/2023,267,5
02/01/2023,268,5.1
03/01/2023,269,5.4
04/01/2023,266,5.5
05/01/2023,263,5.4
06/01/2023,256,5.4
07/01/2023,250,5.4
08/01/2023,249,5.4
09/01/2023,250,5
10/01/2023,250,5.5
11/01/2023,247,6
12/01/2023,234,5.5
13/01/2023,225,5.5
14/01/2023,214,5.5
15/01/2023,207,5.5
16/01/2023,208,5.2
17/01/2023,217,5.2
18/01/2023,225,5.3
19/01/2023,229,5.8
20/01/2023,231,6
21/01/2023,230,6
22/01/2023,230,6.5
23/01/2023,238,7.2
24/01/2023,252,6.7
25/01/2023,274,6.3
26/01/2023,296,5.9
27/01/2023,314,5.4
28/01/2023,328,5
29/01/2023,339,4.5
30/01/2023,343,4.5
31/01/2023,348,4.5
01/02/2023,351,4.5
02/02/2023,354,4.5
03/02/2023,356,4.5
04/02/2023,356,4.5
05/02/2023,352,4.5
06/02/2023,348,4.5
07/02/2023,344,4
08/02/2023,340,3.8
09/02/2023,336,3.5
10/02/2023,333,3.3
11/02/2023,324,3.3
12/02/2023,318,3.3
13/02/2023,311,3.3
14/02/2023,307,3.4
15/02/2023,297,3.3
16/02/2023,290,3.5
17/02/2023,282,3.7
18/02/2023,271,3.8
19/02/2023,258,4
20/02/2023,242,4
21/02/2023,229,4.5
22/02/2023,214,4.5
23/02/2023,203,5
24/02/2023,201,5
25/02/2023,198,5.5
26/02/2023,193,6
27/02/2023,194,6
28/02/2023,205,6
01/03/2023,224,6
02/03/2023,240,6
03/03/2023,255,6
04/03/2023,269,6
05/03/2023,282,6.2
06/03/2023,293,6.3
07/03/2023,303,6.5
08/03/2023,309,6.7
09/03/2023,312,7
10/03/2023,314,7
11/03/2023,318,7
12/03/2023,318,7
13/03/2023,319,8
14/03/2023,322,8
15/03/2023,324,8
16/03/2023,323,8
17/03/2023,318,8
18/03/2023,322,8
19/03/2023,324,8
20/03/2023,325,8
21/03/2023,326,8
22/03/2023,327,8
23/03/2023,326,8.2
24/03/2023,327,8.3
25/03/2023,328,8.5
26/03/2023,327,8.5
27/03/2023,321,9
28/03/2023,319,9
29/03/2023,306,9.2
30/03/2023,297,9.2
31/03/2023,288,9.3
01/04/2023,274,9
02/04/2023,267,9.3
03/04/2023,256,9.5
04/04/2023,244,10
05/04/2023,243,9.5
06/04/2023,243,9.5
07/04/2023,256,9.5
08/04/2023,268,9.5
09/04/2023,281,10
10/04/2023,296,10
11/04/2023,308,10.2
12/04/2023,323,10.2
13/04/2023,329,10.2
14/04/2023,336,10.5
15/04/2023,346,11
16/04/2023,348,11
17/04/2023,353,11.4
18/04/2023,344,11.4
19/04/2023,336,11.5
20/04/2023,332,11.4
21/04/2023,327,11.3
22/04/2023,326,11.2
23/04/2023,327,11.5
24/04/2023,329,12
25/04/2023,334,12.5
26/04/2023,339,12.5
27/04/2023,339,13
28/04/2023,342,13
29/04/2023,346,13
30/04/2023,349,13
01/05/2023,350,13.5
02/05/2023,350,13.7
03/05/2023,350,13.7
04/05/2023,352,14
05/05/2023,352,14
06/05/2023,348,14.3
07/05/2023,347,14.5
08/05/2023,343,15
09/05/2023,338,15
10/05/2023,331,14.5
11/05/2023,323,14.6
12/05/2023,317,14.9
13/05/2023,314,15
14/05/2023,309,15.3
15/05/2023,304,15.5
16/05/2023,299,15.5
17/05/2023,293,16
18/05/2023,293,16
19/05/2023,300,16.5
20/05/2023,304,16.5
21/05/2023,311,16.5
22/05/2023,319,17
23/05/2023,328,17
24/05/2023,334,17
25/05/2023,340,17.3
26/05/2023,345,17.7
27/05/2023,352,18
28/05/2023,359,18
29/05/2023,367,18.5
30/05/2023,374,18.5
31/05/2023,379,19
01/06/2023,386,19
02/06/2023,392,19
03/06/2023,398,19
04/06/2023,400,19.4
05/06/2023,403,19.5
06/06/2023,404,19.5
07/06/2023,406,19.5
08/06/2023,407,20
09/06/2023,407,20
10/06/2023,406,20
11/06/2023,405,20.5
12/06/2023,399,20.5
13/06/2023,391,20.5
14/06/2023,382,20.7
15/06/2023,371,21
16/06/2023,362,21
17/06/2023,357,21.3
18/06/2023,356,21.5
19/06/2023,357,22
20/06/2023,365,22
21/06/2023,373,22
22/06/2023,384,22
23/06/2023,391,22.5
24/06/2023,398,22.5
25/06/2023,400,22.5
26/06/2023,402,23
27/06/2023,399,23
28/06/2023,392,23
29/06/2023,382,23
30/06/2023,367,23
01/07/2023,351,23
02/07/2023,334,23
03/07/2023,315,23.5
04/07/2023,297,23.5
05/07/2023,280,23.7
06/07/2023,266,24
07/07/2023,253,24.3
08/07/2023,239,25
09/07/2023,225,24.5
10/07/2023,217,24.3
11/07/2023,207,24.3
12/07/2023,197,24.7
13/07/2023,192,25.2
14/07/2023,183,25.9
15/07/2023,177,26
16/07/2023,171,26.4
17/07/2023,169,26.5
18/07/2023,162,27
19/07/2023,153,27.5
20/07/2023,150,27.5
21/07/2023,143,27.5
22/07/2023,138,28
23/07/2023,131,28
24/07/2023,126,28
25/07/2023,123,28
26/07/2023,126,28
27/07/2023,128,28.2
28/07/2023,122,28
29/07/2023,118,27.5
30/07/2023,117,27.5
31/07/2023,115,27.2
01/08/2023,115,27
02/08/2023,114,27
03/08/2023,116,27
04/08/2023,118,26.8
05/08/2023,120,27.3
06/08/2023,125,27.6
07/08/2023,129,27.5
08/08/2023,128,27.5
09/08/2023,134,26.5
10/08/2023,134,26
11/08/2023,133,25.5
12/08/2023,133,25.5
13/08/2023,140,25
14/08/2023,154,25
15/08/2023,169,25.3
16/08/2023,184,25
17/08/2023,195,25
18/08/2023,195,25
19/08/2023,212,25
20/08/2023,221,25.5
21/08/2023,230,25.8
22/08/2023,233,25.7
23/08/2023,231,25.7
24/08/2023,225,26
25/08/2023,217,26.2
26/08/2023,209,26.3
27/08/2023,200,26.4
28/08/2023,187,26.5
29/08/2023,174,26.5
30/08/2023,164,26.5
31/08/2023,156,26.5
01/09/2023,144,26
02/09/2023,132,26
03/09/2023,126,25.5
04/09/2023,118,25.6
05/09/2023,114,24.9
06/09/2023,114,24.2
07/09/2023,112,23.9
08/09/2023,116,23.5
09/09/2023,128,23.2
10/09/2023,142,23.1
11/09/2023,158,23
12/09/2023,165,23
13/09/2023,170,23
14/09/2023,170,23.3
15/09/2023,165,23.4
16/09/2023,155,23.5
17/09/2023,150,23.5
18/09/2023,141,23.5
19/09/2023,132,23.5
20/09/2023,124,23.5
21/09/2023,112,23.5
22/09/2023,104,23
23/09/2023,98,23
24/09/2023,90,23
25/09/2023,81,23
26/09/2023,81,22.8
27/09/2023,82,22.5
28/09/2023,83,22.2
29/09/2023,82,22
30/09/2023,80,22
01/10/2023,78,21.5
02/10/2023,67,20.9
03/10/2023,70,20.5
04/10/2023,75,20.2
05/10/2023,70,20.3
06/10/2023,73,20.4
07/10/2023,73,20.5
08/10/2023,74,20.3
09/10/2023,74,19.5
10/10/2023,70,19.5
11/10/2023,67,19
12/10/2023,64,18.5
13/10/2023,58,18
14/10/2023,53,18
15/10/2023,53,18
16/10/2023,43,18
17/10/2023,36,17.5
18/10/2023,37,17
19/10/2023,37,17
20/10/2023,39,17
21/10/2023,36,17
22/10/2023,34,17
23/10/2023,35,17
24/10/2023,36,17.1
25/10/2023,40,17.4
26/10/2023,41,17.4
27/10/2023,38,17.5
28/10/2023,36,17.5
29/10/2023,33,17.5
30/10/2023,37,17.5
31/10/2023,44,17.5
01/11/2023,50,17.5
02/11/2023,51,17.5
03/11/2023,60,17.5
04/11/2023,74,17
05/11/2023,87,17
06/11/2023,97,16.5
07/11/2023,107,16.5
08/11/2023,120,16
09/11/2023,130,15.8
10/11/2023,135,15.5
11/11/2023,154,15.5
12/11/2023,164,15
13/11/2023,168,14.4
14/11/2023,183,14.5
15/11/2023,193,14
16/11/2023,205,13.5
17/11/2023,210,13.5
18/11/2023,223,13.2
19/11/2023,236,12.5
20/11/2023,240,11.5
21/11/2023,238,11
22/11/2023,236,11
23/11/2023,236,11
24/11/2023,240,10.5
25/11/2023,246,10.5
26/11/2023,256,10
27/11/2023,259,9.5
28/11/2023,274,9
29/11/2023,296,9
30/11/2023,300,8.8
01/12/2023,307,8.6
02/12/2023,311,8.5
03/12/2023,313,8.5
04/12/2023,314,8.5
05/12/2023,316,8.5
06/12/2023,317,8.2
07/12/2023,318,7.9
08/12/2023,319,7.5
09/12/2023,317,7.1
10/12/2023,319,6.8
11/12/2023,319,6.5
12/12/2023,320,6.5
13/12/2023,319,6.5
14/12/2023,322,6.5
15/12/2023,318,6.5
16/12/2023,314,6.5
17/12/2023,315,6.5
18/12/2023,318,6.5
19/12/2023,320,6.3
20/12/2023,328,6
21/12/2023,333,6
22/12/2023,338,5.7
23/12/2023,341,5.7
24/12/2023,342,5.7
25/12/2023,343,5.7
26/12/2023,346,5.7
27/12/2023,350,5.8
28/12/2023,352,5.9
29/12/2023,361,5.9
30/12/2023,363,5.9
31/12/2023,365,5.8
01/01/2024,363,6
02/01/2024,366,6
03/01/2024,366,6
04/01/2024,361,6
05/01/2024,358,6
06/01/2024,358,6
07/01/2024,361,6
08/01/2024,359,5.5
09/01/2024,361,5
10/01/2024,365,4.5
11/01/2024,367,4.5
12/01/2024,367,4.5
13/01/2024,369,4
14/01/2024,371,4
15/01/2024,368,4.5
16/01/2024,369,4.5
17/01/2024,366,4.5
18/01/2024,369,4.5
19/01/2024,370,4.5
20/01/2024,362,4.5
21/01/2024,364,4
22/01/2024,362,4
23/01/2024,360,3.5
24/01/2024,355,3.5
25/01/2024,349,3.5
26/01/2024,342,3.5
27/01/2024,333,3.5
28/01/2024,330,3.5
29/01/2024,325,3.5
30/01/2024,322,3.5
31/01/2024,319,3.5
01/02/2024,315,3.5
02/02/2024,312,3.5
03/02/2024,311,3.5
04/02/2024,311,3.5
05/02/2024,309,3.9
06/02/2024,306,4
07/02/2024,305,4
08/02/2024,305,4.5
09/02/2024,303,4.5
10/02/2024,298,5
11/02/2024,295,5
12/02/2024,291,5.5
13/02/2024,284,6
14/02/2024,270,6
15/02/2024,267,6
16/02/2024,271,6
17/02/2024,271,6
18/02/2024,266,6
19/02/2024,266,6
20/02/2024,273,6.2
21/02/2024,280,6.2
22/02/2024,288,6.3
23/02/2024,296,6.5
24/02/2024,300,7
25/02/2024,303,7
26/02/2024,306,7.6
27/02/2024,303,7.7
28/02/2024,299,8
29/02/2024,293,8
01/03/2024,288,8
02/03/2024,284,8.2
03/03/2024,280,8.4
04/03/2024,271,8.5
05/03/2024,266,8.5
06/03/2024,266,8.5
07/03/2024,265,8.5
08/03/2024,260,8.5
09/03/2024,263,8.5
10/03/2024,258,8.5
11/03/2024,254,8.5
12/03/2024,353,9
13/03/2024,249,9
14/03/2024,240,9
15/03/2024,237,9
16/03/2024,232,9.2
17/03/2024,230,9.3
18/03/2024,228,9.5
19/03/2024,227,9.8
20/03/2024,226,9.9
21/03/2024,227,9.7
22/03/2024,233,9.6
23/03/2024,241,9.7
24/03/2024,250,9.9
25/03/2024,260,10
26/03/2024,266,10
27/03/2024,261,10.5
28/03/2024,258,10.5
29/03/2024,256,11
30/03/2024,248,11
31/03/2024,246,12
01/04/2024,242,12
02/04/2024,237,12
03/04/2024,232,12.5
04/04/2024,232,12.5
05/04/2024,229,13
06/04/2024,227,13
07/04/2024,227,13.5
08/04/2024,227,14
09/04/2024,227,14
10/04/2024,231,14.5
11/04/2024,231,14.5
12/04/2024,233,15
13/04/2024,236,15
14/04/2024,241,15.5
15/04/2024,236,16
16/04/2024,233,16
17/04/2024,223,16.5
18/04/2024,217,16.5
19/04/2024,215,17
20/04/2024,210,17
21/04/2024,210,16.5
22/04/2024,210,16.5
23/04/2024,210,16.5
24/04/2024,206,16
25/04/2024,207,16
26/04/2024,207,16
27/04/2024,208,16
28/04/2024,211,16
29/04/2024,212,16
30/04/2024,216,16
01/05/2024,217,16
02/05/2024,217,16.3
03/05/2024,216,16.3
04/05/2024,213,16.3
05/05/2024,214,16.4
06/05/2024,210,16.5
07/05/2024,212,16.5
08/05/2024,205,16.5
09/05/2024,200,17
10/05/2024,188,17
